fecha,tc
2024-03-06,3.7465
2024-03-07,3.7368
2024-03-08,3.7132
2024-03-11,3.6941
2024-03-12,3.6906
2024-03-13,3.6917
2024-03-14,3.6760
2024-03-15,3.6870
2024-03-18,3.6894
2024-03-19,3.7010
2024-03-20,3.7011
2024-03-21,3.6955
2024-03-22,3.6904
2024-03-25,3.7040
2024-03-26,3.7093
2024-03-27,3.7188
2024-03-28,3.7210
2024-03-29,3.7198
2024-04-01,3.7174
2024-04-02,3.7274
2024-04-03,3.7079
2024-04-04,3.6895
2024-04-08,3.6808
2024-04-09,3.6902
2024-04-10,3.6941
2024-04-11,3.7183
2024-04-12,3.6929
2024-04-29,3.7493
2024-04-30,3.7312
2024-05-01,3.7686
2024-05-02,3.7561
2024-05-03,3.7331
2024-05-06,3.7265
2024-05-07,3.7300
2024-05-08,3.7235
2024-05-09,3.7231
2024-05-10,3.7068
2024-05-13,3.7151
2024-05-14,3.7268
2024-05-15,3.7224
2024-05-16,3.7173
2024-05-17,3.7344
2024-05-20,3.7436
2024-05-21,3.7460
2024-05-22,3.7324
2024-05-23,3.7396
2024-05-24,3.7384
2024-05-27,3.7430
2024-05-28,3.7471
2024-05-29,3.7512
2024-05-30,3.7619
2024-05-31,3.7510
2024-06-03,3.7265
2024-06-04,3.7305
2024-06-05,3.7340
2024-06-06,3.7510
2024-06-07,3.7589
2024-06-10,3.7975
2024-06-11,3.7827
2024-06-12,3.7763
2024-06-13,3.7737
2024-06-14,3.7791
2024-06-17,3.7738
2024-06-18,3.7908
2024-06-19,3.8108
2024-06-20,3.8216
2024-06-21,3.8077
2024-06-24,3.8055
2024-06-25,3.8111
2024-06-26,3.8161
2024-06-27,3.8156
2024-06-28,3.8319
2024-07-01,3.8428
2024-07-02,3.8413
2024-07-03,3.8225
2024-07-04,3.8039
2024-07-05,3.7936
2024-07-08,3.7971
2024-07-09,3.7907
2024-07-10,3.7859
2024-07-11,3.7838
2024-07-12,3.7605
2024-07-15,3.7336
2024-07-16,3.7217
2024-07-17,3.7184
2024-07-18,3.7252
2024-07-19,3.7400
2024-07-22,3.7411
2024-07-23,3.7575
2024-07-24,3.7574
2024-07-25,3.7440
2024-07-26,3.7587
2024-07-29,3.7357
2024-07-30,3.7469
2024-07-31,3.7311
2024-08-01,3.7376
2024-08-02,3.7424
2024-08-05,3.7302
2024-08-06,3.7273
2024-08-07,3.7292
2024-08-08,3.7387
2024-08-09,3.7271
2024-08-12,3.7294
2024-08-13,3.7459
2024-08-14,3.7473
2024-08-15,3.7385
2024-08-16,3.7442
2024-08-19,3.7348
2024-08-20,3.7419
2024-08-21,3.7502
2024-08-22,3.7506
2024-08-23,3.7458
2024-08-26,3.7419
2024-08-27,3.7470
2024-08-28,3.7390
2024-08-29,3.7410
2024-08-30,3.7492
2024-09-02,3.7481
2024-09-03,3.7704
2024-09-04,3.7891
2024-09-05,3.7888
2024-09-06,3.7938
2024-09-09,3.8008
2024-09-10,3.8163
2024-09-11,3.8080
2024-09-12,3.7814
2024-09-13,3.7727
2024-09-16,3.7777
2024-09-17,3.7821
2024-09-18,3.7571
2024-09-19,3.7543
2024-09-20,3.7481
2024-09-23,3.7583
2024-09-24,3.7728
2024-09-25,3.7659
2024-09-26,3.7511
2024-09-27,3.7272
2024-09-30,3.7151
2024-10-01,3.7067
2024-10-02,3.7178
2024-10-03,3.7243
2024-10-04,3.7267
2024-10-07,3.7252
2024-10-08,3.7334
2024-10-09,3.7273
2024-10-10,3.7342
2024-10-11,3.7417
2024-10-14,3.7409
2024-10-15,3.7358
2024-10-16,3.7559
2024-10-17,3.7678
2024-10-18,3.7675
2024-10-21,3.7634
2024-10-22,3.7611
2024-10-23,3.7619
2024-10-24,3.7571
2024-10-25,3.7518
2024-10-28,3.7629
2024-10-29,3.7590
2024-10-30,3.7616
2024-10-31,3.7703
2024-11-01,3.7728
2024-11-04,3.7720
2024-11-05,3.7687
2024-11-06,3.7710
2024-11-07,3.7811
2024-11-08,3.7526
2024-11-11,3.7678
2024-11-12,3.7717
2024-11-13,3.7839
2024-11-14,3.7977
2024-11-15,3.8032
2024-11-18,3.8028
2024-11-19,3.7982
2024-11-20,3.7988
2024-11-21,3.7941
2024-11-22,3.7899
2024-11-25,3.7975
2024-11-26,3.7786
2024-11-27,3.7759
2024-11-28,3.7623
2024-11-29,3.7558
2024-12-02,3.7514
2024-12-03,3.7514
2024-12-04,3.7527
2024-12-05,3.7520
2024-12-06,3.7491
2024-12-09,3.7597
2024-12-10,3.7414
2024-12-11,3.7354
2024-12-12,3.7388
2024-12-13,3.7354
2024-12-16,3.7463
2024-12-17,3.7504
2024-12-18,3.7482
2024-12-19,3.7394
2024-12-20,3.7435
2024-12-23,3.7500
2024-12-24,3.7484
2024-12-25,3.7569
2024-12-26,3.7430
2024-12-27,3.7380
2024-12-30,3.7423
2024-12-31,3.7459
2025-01-01,3.7602
2025-01-02,3.7590
2025-01-03,3.7588
2025-01-06,3.7571
2025-01-07,3.7570
2025-01-08,3.7688
2025-01-09,3.7767
2025-01-10,3.7708
2025-01-13,3.7753
2025-01-14,3.7790
2025-01-15,3.7744
2025-01-16,3.7682
2025-01-17,3.7615
2025-01-20,3.7524
2025-01-21,3.7460
2025-01-22,3.7385
2025-01-23,3.7242
2025-01-24,3.7155
2025-01-27,3.7145
2025-01-28,3.7352
2025-01-29,3.7361
2025-01-30,3.7221
2025-01-31,3.7185
2025-02-03,3.7231
2025-02-04,3.7163
2025-02-05,3.7197
2025-02-06,3.7156
2025-02-07,3.7144
2025-02-10,3.7238
2025-02-11,3.7201
2025-02-12,3.7133
2025-02-13,3.7133
2025-02-14,3.7144
2025-02-17,3.7095
2025-02-18,3.6988
2025-02-19,3.6927
2025-02-20,3.6908
2025-02-21,3.6785
2025-02-24,3.6854
2025-02-25,3.6829
2025-02-26,3.6805
2025-02-27,3.6747
2025-02-28,3.6809
2025-03-03,3.6843
2025-03-04,3.6979
2025-03-05,3.6762
2025-03-06,3.6541
2025-03-07,3.6507
2025-03-10,3.6812
2025-03-11,3.6643
2025-03-12,3.6629
2025-03-13,3.6629
2025-03-14,3.6681
2025-03-17,3.6612
2025-03-18,3.6553
2025-03-19,3.6426
2025-03-20,3.6338
2025-03-21,3.6237
2025-03-24,3.6362
2025-03-25,3.6491
2025-03-26,3.6408
2025-03-27,3.6419
2025-03-28,3.6430
2025-03-31,3.6592
2025-04-01,3.6660
2025-04-02,3.6749
2025-04-03,3.6575
2025-04-04,3.6722
2025-04-07,3.6670
2025-04-08,3.7013
2025-04-09,3.7160
2025-04-10,3.7388
2025-04-11,3.7348
2025-04-14,3.7308
2025-04-15,3.7367
2025-04-16,3.7415
2025-04-17,3.7310
2025-04-18,3.7432
2025-04-21,3.7329
2025-04-22,3.7059
2025-04-23,3.7169
2025-04-24,3.7026
2025-04-25,3.6872
2025-04-28,3.6701
2025-04-29,3.6620
2025-04-30,3.6660
2025-05-01,3.6708
2025-05-02,3.6658
2025-05-05,3.6747
2025-05-06,3.6638
2025-05-07,3.6546
2025-05-08,3.6539
2025-05-09,3.6331
2025-05-12,3.6378
2025-05-13,3.6505
2025-05-14,3.6636
2025-05-15,3.6737
2025-05-16,3.6858
2025-05-19,3.6934
2025-05-20,3.6955
2025-05-21,3.6826
2025-05-22,3.6842
2025-05-23,3.6676
2025-05-26,3.6509
2025-05-27,3.6566
2025-05-28,3.6492
2025-05-29,3.6410
2025-05-30,3.6226
2025-06-02,3.6094
2025-06-03,3.6157
2025-06-04,3.6246
2025-06-05,3.6264
2025-06-06,3.6255
2025-06-09,3.6476
2025-06-10,3.6336
2025-06-11,3.6323
2025-06-12,3.6335
2025-06-13,3.6268
2025-06-16,3.6116
2025-06-17,3.6032
2025-06-18,3.6116
2025-06-19,3.5921
2025-06-20,3.5923
2025-06-23,3.6018
2025-06-24,3.5795
2025-06-25,3.5791
2025-06-26,3.5734
2025-06-27,3.5615
2025-06-30,3.5485
2025-07-01,3.5424
2025-07-02,3.5529
2025-07-03,3.5555
2025-07-04,3.5578
2025-07-07,3.5471
2025-07-08,3.5594
2025-07-09,3.5475
2025-07-10,3.5429
2025-07-11,3.5462
2025-07-14,3.5486
2025-07-15,3.5643
2025-07-16,3.5698
2025-07-17,3.5512
2025-07-18,3.5476
2025-07-21,3.5664
2025-07-22,3.5579
2025-07-23,3.5555
2025-07-24,3.5539
2025-07-25,3.5478
2025-07-28,3.5350
2025-07-29,3.5868
2025-07-30,3.5522
2025-07-31,3.5686
2025-08-01,3.5816
2025-08-04,3.5651
2025-08-05,3.5713
2025-08-06,3.5557
2025-08-07,3.5494
2025-08-08,3.5479
2025-08-11,3.5351
2025-08-12,3.5334
2025-08-13,3.5253
2025-08-14,3.5413
2025-08-15,3.5637
2025-08-18,3.5594
2025-08-19,3.5514
2025-08-20,3.5172
2025-08-21,3.5013
2025-08-22,3.5086
2025-08-25,3.4911
2025-08-26,3.5150
2025-08-27,3.5388
2025-08-28,3.5513
2025-08-29,3.5424
2025-09-01,3.5316
2025-09-02,3.5356
2025-09-03,3.5383
2025-09-04,3.5319
2025-09-05,3.5276
2025-09-08,3.5177
2025-09-09,3.5125
2025-09-10,3.5107
2025-09-11,3.4852
2025-09-12,3.4820
2025-09-15,3.4876
2025-09-16,3.4912
2025-09-17,3.4770
2025-09-18,3.4788
2025-09-19,3.4838
2025-09-22,3.4880
2025-09-23,3.4973
2025-09-24,3.5016
2025-09-25,3.5001
2025-09-26,3.5137
2025-09-29,3.4896
2025-09-30,3.4850
2025-10-01,3.4701
2025-10-02,3.4749
2025-10-03,3.4765
2025-10-06,3.4809
2025-10-07,3.4609
2025-10-08,3.4493
2025-10-09,3.4434
2025-10-10,3.4433
2025-10-13,3.4160
2025-10-14,3.4338
2025-10-15,3.4172
2025-10-16,3.4043
2025-10-17,3.3873
2025-10-20,3.3929
2025-10-21,3.3734
2025-10-22,3.3868
2025-10-23,3.3975
2025-10-24,3.3940
2025-10-27,3.3876
2025-10-28,3.3862
2025-10-29,3.3890
2025-10-30,3.3906
2025-10-31,3.3827
2025-11-03,3.3717
2025-11-04,3.3771
2025-11-05,3.3818
2025-11-06,3.3770
2025-11-07,3.3766
2025-11-10,3.3717
2025-11-11,3.3712
2025-11-12,3.3660
2025-11-13,3.3738
2025-11-14,3.3702
2025-11-17,3.3674
2025-11-18,3.3616
2025-11-19,3.3713
2025-11-20,3.3805
2025-11-21,3.3801
2025-11-24,3.3829
2025-11-25,3.3821
2025-11-26,3.3708
2025-11-27,3.3685
2025-11-28,3.3664
2025-12-01,3.3568
2025-12-02,3.3725
2025-12-03,3.3679
2025-12-04,3.3628
2025-12-05,3.3617
2025-12-08,3.3612
2025-12-09,3.3628
2025-12-11,3.3618
2025-12-12,3.3668
2025-12-15,3.3625
2025-12-16,3.3683
2025-12-17,3.3701
2025-12-18,3.3666
2025-12-19,3.3671
2025-12-22,3.3674
2025-12-23,3.3625
2025-12-24,3.3647
2025-12-25,3.3661
2025-12-26,3.3669
2025-12-29,3.3678
2025-12-30,3.3658
2025-12-31,3.3663
2026-01-01,3.3610
2026-01-02,3.3608
2026-01-05,3.3678
2026-01-06,3.3584
2026-01-07,3.3638
2026-01-08,3.3638
2026-01-09,3.3654
2026-01-12,3.3604
2026-01-13,3.3628
2026-01-14,3.3623
2026-01-15,3.3609
2026-01-16,3.3631
2026-01-19,3.3584
2026-01-20,3.3558
2026-01-21,3.3580
2026-01-22,3.3602
2026-01-23,3.3556
2026-01-26,3.3373
2026-01-27,3.3518
2026-01-28,3.3418
2026-01-29,3.3451
2026-01-30,3.3478
2026-02-02,3.3660
2026-02-03,3.3749
2026-02-04,3.3602
2026-02-05,3.3622
2026-02-06,3.3660
2026-02-09,3.3557
2026-02-10,3.3532
2026-02-11,3.3584
2026-02-12,3.3650
2026-02-13,3.3573
2026-02-16,3.3532
2026-02-17,3.3523
2026-02-18,3.3445
2026-02-19,3.3534
2026-02-20,3.3606
2026-02-23,3.3425
2026-02-24,3.3573
2026-02-25,3.3587
2026-02-26,3.3507
2026-02-27,3.3566
2026-03-02,3.3555
2026-03-03,3.3674
2026-03-04,3.3997
2026-03-05,3.4161
2026-03-06,3.4444
2026-03-09,3.4373
2026-03-10,3.4430
2026-03-11,3.4487
2026-03-12,3.4284
2026-03-13,3.4432
2026-03-16,3.4556
2026-03-17,3.4324
2026-03-18,3.4142
2026-03-19,3.4384
2026-03-20,3.4393
2026-03-23,3.4669
2026-03-24,3.4643
2026-03-25,3.4564
2026-03-26,3.4581
2026-03-27,3.4738
2026-03-30,3.4857
2026-03-31,3.4928
2026-04-01,3.4874
2026-04-02,3.4692
2026-04-03,3.4517
2026-04-06,3.4526
2026-04-07,3.4255
2026-04-08,3.4124
2026-04-09,3.4038
2026-04-10,3.3725
2026-04-13,3.3699
2026-04-14,3.3721
2026-04-15,3.3744
2026-04-16,3.3798
2026-04-17,3.4403
2026-04-20,3.4519
2026-04-21,3.4299
2026-04-22,3.4392
2026-04-23,3.4484
2026-04-24,3.4660
2026-04-27,3.4615
2026-04-28,3.4953
2026-04-29,3.5160
2026-04-30,3.5241
2026-05-01,3.5077
2026-05-04,3.5075
2026-05-05,3.5060
2026-05-06,3.4985
2026-05-07,3.4625
2026-05-08,3.4750
2026-05-11,3.4483
2026-05-12,3.4321
2026-05-13,3.4305
2026-05-14,3.4182
2026-05-15,3.4470
2026-05-18,3.4350
2026-05-19,3.4222
2026-05-20,3.4235
2026-05-21,3.4126
2026-05-22,3.4097
2026-05-25,3.4030
2026-05-26,3.4056
2026-05-27,3.4065
2026-05-28,3.4115
2026-05-29,3.3985
2026-06-01,3.3999
2026-06-02,3.4046
2026-06-03,3.4044
2026-06-04,3.4046
2026-06-05,3.4095
2026-06-08,3.4714
2026-06-09,3.4714
2026-06-10,3.4142
2026-06-11,3.4020
2026-06-12,3.3974
2026-06-15,3.3974
2026-06-16,3.4065
2026-06-17,3.4093
2026-06-18,3.3976
2026-06-19,3.3830
2026-06-22,3.3838
2026-06-23,3.3849
2026-06-24,3.3917
2026-06-25,3.3993
2026-06-26,3.4221
2026-06-29,3.4148
2026-06-30,3.4114
2026-07-01,3.4155
2026-07-02,3.4180
2026-07-03,3.4090
2026-07-06,3.4053
2026-07-07,3.3999
2026-07-08,3.4061
2026-07-09,3.4017
2026-07-10,3.3974
2026-07-13,3.4060
2026-07-14,3.4239
2026-07-15,3.4049
2026-07-16,3.3884
2026-07-17,3.3948
2026-07-20,3.3921
2026-07-21,3.3973
2026-07-22,3.4022
2026-07-23,3.3978
2026-07-24,3.4021
2026-07-27,3.3985
2026-07-28,3.4042
2026-07-29,3.3956
2026-07-30,3.3874
2026-07-31,3.3904
2026-08-03,3.3835
2026-08-04,3.3848
2026-08-05,3.3850
2026-08-06,3.3823
2026-08-07,3.3871
2026-08-10,3.3780
2026-08-11,3.3790
2026-08-12,3.3821
2026-08-13,3.3752
2026-08-14,3.3792
2026-08-17,3.3661
2026-08-18,3.3683
2026-08-20,3.3508
2026-08-21,3.3530
2026-08-24,3.3577
2026-08-25,3.3566
2026-08-26,3.3536
2026-08-27,3.3630
2026-08-28,3.3510
2026-08-31,3.3726
2026-09-01,3.3635
2026-09-02,3.3651
2026-09-03,3.3608
2026-09-04,3.3539
2026-09-07,3.3551
2026-09-08,3.3561
2026-09-09,3.3527
2026-09-10,3.3497
2026-09-11,3.3550
2026-09-14,3.3613
2026-09-15,3.3603
2026-09-16,3.3548
2026-09-17,3.3769
2026-09-18,3.3755
2026-09-21,3.3753
2026-09-22,3.3699
2026-09-23,3.3836
2026-09-24,3.3879
2026-09-25,3.3907
2026-09-28,3.3981
2026-09-29,3.4160
2026-09-30,3.4425
2026-10-01,3.4502
2026-10-02,3.4657
